title,company,location,apply_link
Python Developer,Persistent Systems,"Bengaluru, Karnataka, India",https://in.linkedin.com/jobs/view/python-developer-at-persistent-systems-4294598179?position=1&pageNum=0&refId=LqPQZO6nQqayTCQvz6htWA%3D%3D&trackingId=2g00%2FO0Ba0PcfO2meOx1Dw%3D%3D
Software Engineer,Microsoft,"Hyderabad, Telangana, India",https://in.linkedin.com/jobs/view/software-engineer-at-microsoft-4315837780?position=2&pageNum=0&refId=LqPQZO6nQqayTCQvz6htWA%3D%3D&trackingId=Nv8rzMWpJIV6LiO6zeJE7w%3D%3D
Data Analyst,Unilever,"Bengaluru, Karnataka, India",https://in.linkedin.com/jobs/view/data-analyst-at-unilever-4315079254?position=3&pageNum=0&refId=LqPQZO6nQqayTCQvz6htWA%3D%3D&trackingId=wvDG8ezPvaS%2FhgBhCcTzWQ%3D%3D
Software Engineer,Microsoft,"Telangana, India",https://in.linkedin.com/jobs/view/software-engineer-at-microsoft-4315849049?position=4&pageNum=0&refId=LqPQZO6nQqayTCQvz6htWA%3D%3D&trackingId=I1QiiDRYW%2FScR2%2F7Suju2Q%3D%3D
Software Engineer 1,Intuit,"Bengaluru, Karnataka, India",https://in.linkedin.com/jobs/view/software-engineer-1-at-intuit-4315764050?position=5&pageNum=0&refId=LqPQZO6nQqayTCQvz6htWA%3D%3D&trackingId=pP6F7y0BqEFvHW3Wk9rq8w%3D%3D
Software Engineer,Microsoft,"Karnataka, India",https://in.linkedin.com/jobs/view/software-engineer-at-microsoft-4316328507?position=6&pageNum=0&refId=LqPQZO6nQqayTCQvz6htWA%3D%3D&trackingId=yDL6ZZCpHzON3C52B95pKg%3D%3D
"Manager, Data Analytics (Data, Analytics and AI consultant) [T500-20893]",McDonald's,"Hyderabad, Telangana, India",https://in.linkedin.com/jobs/view/manager-data-analytics-data-analytics-and-ai-consultant-t500-20893-at-mcdonald-s-4315166147?position=7&pageNum=0&refId=LqPQZO6nQqayTCQvz6htWA%3D%3D&trackingId=rBoSV3eLRExNaJMb74gcOg%3D%3D
Software Engineer,Microsoft,"Delhi, India",https://in.linkedin.com/jobs/view/software-engineer-at-microsoft-4316331416?position=8&pageNum=0&refId=LqPQZO6nQqayTCQvz6htWA%3D%3D&trackingId=YnvmrnWcxT0VbxP91EFiGg%3D%3D
Software Engineer,Microsoft,"Arunachal Pradesh, India",https://in.linkedin.com/jobs/view/software-engineer-at-microsoft-4315136493?position=9&pageNum=0&refId=LqPQZO6nQqayTCQvz6htWA%3D%3D&trackingId=NCeDlVv1qDCbbPXX0khQgw%3D%3D
Python Developer,Infosys,"Bengaluru East, Karnataka, India",https://in.linkedin.com/jobs/view/python-developer-at-infosys-4315793439?position=1&pageNum=0&refId=VxtVk25iobwmXOfYOTSOcw%3D%3D&trackingId=%2BXBMlQ5eUHqlH0UYDfapaA%3D%3D
Python Developer,Infosys,"Bengaluru East, Karnataka, India",https://in.linkedin.com/jobs/view/python-developer-at-infosys-4315760151?position=2&pageNum=0&refId=VxtVk25iobwmXOfYOTSOcw%3D%3D&trackingId=cj4w5WZzrjZmPdaeSZCYog%3D%3D
Python Developer,Tata Elxsi,"Bengaluru, Karnataka, India",https://in.linkedin.com/jobs/view/python-developer-at-tata-elxsi-4315220413?position=3&pageNum=0&refId=VxtVk25iobwmXOfYOTSOcw%3D%3D&trackingId=M3ZrAV8RcF6O05OWMRfSwQ%3D%3D
Python Developer,Persistent Systems,"Bengaluru, Karnataka, India",https://in.linkedin.com/jobs/view/python-developer-at-persistent-systems-4294598179?position=4&pageNum=0&refId=VxtVk25iobwmXOfYOTSOcw%3D%3D&trackingId=dGKPHtXC5OOd2oOjb921iQ%3D%3D
Python Developer,Infosys,"Bengaluru East, Karnataka, India",https://in.linkedin.com/jobs/view/python-developer-at-infosys-4315742704?position=5&pageNum=0&refId=VxtVk25iobwmXOfYOTSOcw%3D%3D&trackingId=pNyF2KFqIYIVIKwLKwlc0w%3D%3D
Python Developer,Capgemini,"Sion, Maharashtra, India",https://in.linkedin.com/jobs/view/python-developer-at-capgemini-4314149653?position=6&pageNum=0&refId=VxtVk25iobwmXOfYOTSOcw%3D%3D&trackingId=eSRUQSuYpVMYX61qo%2FxlIA%3D%3D
Python Developer,Infosys,"Bengaluru East, Karnataka, India",https://in.linkedin.com/jobs/view/python-developer-at-infosys-4315760149?position=7&pageNum=0&refId=VxtVk25iobwmXOfYOTSOcw%3D%3D&trackingId=F2wHULFPHr57M34J58pPEg%3D%3D
Software Engineer,Microsoft,"Hyderabad, Telangana, India",https://in.linkedin.com/jobs/view/software-engineer-at-microsoft-4315837780?position=8&pageNum=0&refId=VxtVk25iobwmXOfYOTSOcw%3D%3D&trackingId=aAuTHU09EvDSE4D2XKPrYA%3D%3D
Applied Sciences IC2,Microsoft,"Hyderabad, Telangana, India",https://in.linkedin.com/jobs/view/applied-sciences-ic2-at-microsoft-4316335243?position=9&pageNum=0&refId=VxtVk25iobwmXOfYOTSOcw%3D%3D&trackingId=DvObA3nOk0fuJ1uH8mRbFw%3D%3D
Python Developer,Infosys,"Bengaluru East, Karnataka, India",https://in.linkedin.com/jobs/view/python-developer-at-infosys-4315793439?position=1&pageNum=0&refId=c%2FO0AFG33YH1IX5fZ%2FY69A%3D%3D&trackingId=Edy7vN4O2tF%2FpoU3Q5eW6g%3D%3D
Python Developer,Infosys,"Bengaluru East, Karnataka, India",https://in.linkedin.com/jobs/view/python-developer-at-infosys-4315760151?position=2&pageNum=0&refId=c%2FO0AFG33YH1IX5fZ%2FY69A%3D%3D&trackingId=nOEyeUMmXmG38SBcvumVJg%3D%3D
Python Developer,Tata Elxsi,"Bengaluru, Karnataka, India",https://in.linkedin.com/jobs/view/python-developer-at-tata-elxsi-4315220413?position=3&pageNum=0&refId=c%2FO0AFG33YH1IX5fZ%2FY69A%3D%3D&trackingId=UHCTslJiLHCf%2F%2Buvc9wRZw%3D%3D
Python Developer,Persistent Systems,"Bengaluru, Karnataka, India",https://in.linkedin.com/jobs/view/python-developer-at-persistent-systems-4294598179?position=4&pageNum=0&refId=c%2FO0AFG33YH1IX5fZ%2FY69A%3D%3D&trackingId=cYBqXJSMUSXxIw%2FFgBanuQ%3D%3D
Python Developer,Infosys,"Bengaluru East, Karnataka, India",https://in.linkedin.com/jobs/view/python-developer-at-infosys-4315742704?position=5&pageNum=0&refId=c%2FO0AFG33YH1IX5fZ%2FY69A%3D%3D&trackingId=Clos7dyUgfwBcF58EC7BIQ%3D%3D
Python Developer,Capgemini,"Sion, Maharashtra, India",https://in.linkedin.com/jobs/view/python-developer-at-capgemini-4314149653?position=6&pageNum=0&refId=c%2FO0AFG33YH1IX5fZ%2FY69A%3D%3D&trackingId=%2FTL08fxvpiONfyAQMuCojg%3D%3D
Python Developer,Infosys,"Bengaluru East, Karnataka, India",https://in.linkedin.com/jobs/view/python-developer-at-infosys-4315760149?position=7&pageNum=0&refId=c%2FO0AFG33YH1IX5fZ%2FY69A%3D%3D&trackingId=9QHH7QFzDHhBey%2FDbwnTUA%3D%3D
Software Engineer,Microsoft,"Hyderabad, Telangana, India",https://in.linkedin.com/jobs/view/software-engineer-at-microsoft-4315837780?position=8&pageNum=0&refId=c%2FO0AFG33YH1IX5fZ%2FY69A%3D%3D&trackingId=tGXnNzVXaIP07bSrZunCvA%3D%3D
Applied Sciences IC2,Microsoft,"Hyderabad, Telangana, India",https://in.linkedin.com/jobs/view/applied-sciences-ic2-at-microsoft-4316335243?position=9&pageNum=0&refId=c%2FO0AFG33YH1IX5fZ%2FY69A%3D%3D&trackingId=i4U2G0q2Yq4GlBxBsVolHQ%3D%3D
Python Developer,Infosys,"Bengaluru East, Karnataka, India",https://in.linkedin.com/jobs/view/python-developer-at-infosys-4316182662?position=10&pageNum=0&refId=c%2FO0AFG33YH1IX5fZ%2FY69A%3D%3D&trackingId=MIpIjy5tkFeabR4DAQ66Fg%3D%3D
Python Developer,Persistent Systems,"Hyderabad, Telangana, India",https://in.linkedin.com/jobs/view/python-developer-at-persistent-systems-4296548148?position=11&pageNum=0&refId=c%2FO0AFG33YH1IX5fZ%2FY69A%3D%3D&trackingId=ukxuZTSjF1M49g6NsuQ11A%3D%3D
Software Engineer,Microsoft,"Hyderabad, Telangana, India",https://in.linkedin.com/jobs/view/software-engineer-at-microsoft-4315683077?position=12&pageNum=0&refId=c%2FO0AFG33YH1IX5fZ%2FY69A%3D%3D&trackingId=nRNixHVLP%2B7PybNWNlGuMw%3D%3D
Software Engineer,Microsoft,"Karnataka, India",https://in.linkedin.com/jobs/view/software-engineer-at-microsoft-4315843372?position=13&pageNum=0&refId=c%2FO0AFG33YH1IX5fZ%2FY69A%3D%3D&trackingId=BWCbqx5wKDZ7qNiCwTtIKw%3D%3D
Software Engineer,Microsoft,"Karnataka, India",https://in.linkedin.com/jobs/view/software-engineer-at-microsoft-4315154149?position=14&pageNum=0&refId=c%2FO0AFG33YH1IX5fZ%2FY69A%3D%3D&trackingId=fGWpJe7ff5FprvscgcHkwQ%3D%3D
Data Analyst,Unilever,"Bengaluru, Karnataka, India",https://in.linkedin.com/jobs/view/data-analyst-at-unilever-4315079254?position=15&pageNum=0&refId=c%2FO0AFG33YH1IX5fZ%2FY69A%3D%3D&trackingId=cGC%2FPtyhpfVTI4J%2Fz9yksg%3D%3D
Data Engineer - Intern,dubizzle,"Dubai, Dubai, United Arab Emirates",https://ae.linkedin.com/jobs/view/data-engineer-intern-at-dubizzle-4281727204?position=1&pageNum=0&refId=%2Ff2ikRV2EOM5IWRk%2Bpmpjg%3D%3D&trackingId=TGUvgZC9D6lTwfKt8KcNIw%3D%3D
FM Engineer (Data Center),Khidmah,"Abu Dhabi, Abu Dhabi Emirate, United Arab Emirates",https://ae.linkedin.com/jobs/view/fm-engineer-data-center-at-khidmah-4308552746?position=2&pageNum=0&refId=%2Ff2ikRV2EOM5IWRk%2Bpmpjg%3D%3D&trackingId=Le02axgGGzTzXwLuzJ0eLA%3D%3D
Data Engineer,ESTIDAMA UAE,"Abu Dhabi Emirate, United Arab Emirates",https://ae.linkedin.com/jobs/view/data-engineer-at-estidama-uae-4315111893?position=3&pageNum=0&refId=%2Ff2ikRV2EOM5IWRk%2Bpmpjg%3D%3D&trackingId=vceMaplxNVkCOubNBf3Phw%3D%3D
Senior Data Engineer,Discovered MENA,"Dubai, United Arab Emirates",https://ae.linkedin.com/jobs/view/senior-data-engineer-at-discovered-mena-4303449779?position=4&pageNum=0&refId=%2Ff2ikRV2EOM5IWRk%2Bpmpjg%3D%3D&trackingId=71lUJ5N45iU4B58x4zAytg%3D%3D
Data Engineer,Astek,"Dubai, United Arab Emirates",https://ae.linkedin.com/jobs/view/data-engineer-at-astek-4310208744?position=5&pageNum=0&refId=%2Ff2ikRV2EOM5IWRk%2Bpmpjg%3D%3D&trackingId=Q%2BbRnHNJfjyrnsikoMQPMg%3D%3D
Software Engineer (Python) - AI Platform,Revolut,United Arab Emirates,https://ae.linkedin.com/jobs/view/software-engineer-python-ai-platform-at-revolut-4250198849?position=6&pageNum=0&refId=%2Ff2ikRV2EOM5IWRk%2Bpmpjg%3D%3D&trackingId=AvPfYNpxEMrnIoX1089Mug%3D%3D
Data Engineer,QuantumGate,"Abu Dhabi Emirate, United Arab Emirates",https://ae.linkedin.com/jobs/view/data-engineer-at-quantumgate-4302367004?position=7&pageNum=0&refId=%2Ff2ikRV2EOM5IWRk%2Bpmpjg%3D%3D&trackingId=TVRy%2Bl8BED%2FPCXvM8M8Yjw%3D%3D
Backend Engineer (Data),Fuse Energy,"Dubai, Dubai, United Arab Emirates",https://ae.linkedin.com/jobs/view/backend-engineer-data-at-fuse-energy-4304107582?position=8&pageNum=0&refId=%2Ff2ikRV2EOM5IWRk%2Bpmpjg%3D%3D&trackingId=eI4T%2BWubcbIOqh4pe3HtuQ%3D%3D
Data Engineer,CFI Financial Group,"Dubai, United Arab Emirates",https://ae.linkedin.com/jobs/view/data-engineer-at-cfi-financial-group-4301685666?position=9&pageNum=0&refId=%2Ff2ikRV2EOM5IWRk%2Bpmpjg%3D%3D&trackingId=Lw8Jvm5fxYyx2TImnx9Vpw%3D%3D
Data Engineer(PySpark),Synechron,"Dubai, United Arab Emirates",https://ae.linkedin.com/jobs/view/data-engineer-pyspark-at-synechron-4303449545?position=10&pageNum=0&refId=%2Ff2ikRV2EOM5IWRk%2Bpmpjg%3D%3D&trackingId=ttyBmsTwqogyJGK6cC9ZNw%3D%3D
Data Engineer,Presight,European Union,https://www.linkedin.com/jobs/view/data-engineer-at-presight-4304637533?position=11&pageNum=0&refId=%2Ff2ikRV2EOM5IWRk%2Bpmpjg%3D%3D&trackingId=OvccgWZefloWLgwLg3vb%2Bg%3D%3D
Data Engineer,Tyde Digital,"Dubai, Dubai, United Arab Emirates",https://ae.linkedin.com/jobs/view/data-engineer-at-tyde-digital-4306700778?position=12&pageNum=0&refId=%2Ff2ikRV2EOM5IWRk%2Bpmpjg%3D%3D&trackingId=gd1L7drC7sl9MwZ5UriSKg%3D%3D
Senior Data Engineer,Hawksman Technology,"Dubai, United Arab Emirates",https://ae.linkedin.com/jobs/view/senior-data-engineer-at-hawksman-technology-4312490784?position=13&pageNum=0&refId=%2Ff2ikRV2EOM5IWRk%2Bpmpjg%3D%3D&trackingId=A8h8IFW8mQ70hS%2BJPgxreQ%3D%3D
Data Engineer,Property Monitor,"Dubai, Dubai, United Arab Emirates",https://ae.linkedin.com/jobs/view/data-engineer-at-property-monitor-4308777022?position=14&pageNum=0&refId=%2Ff2ikRV2EOM5IWRk%2Bpmpjg%3D%3D&trackingId=m1w%2BzDjWTlWerrAievA3tA%3D%3D
Data Engineer,Core42,"Abu Dhabi, Abu Dhabi Emirate, United Arab Emirates",https://ae.linkedin.com/jobs/view/data-engineer-at-core42-4291141200?position=15&pageNum=0&refId=%2Ff2ikRV2EOM5IWRk%2Bpmpjg%3D%3D&trackingId=sQGAc1YrNZkW0MJ2ia6%2FLA%3D%3D
Data Scientist,Deloitte,"Mumbai, Maharashtra, India",https://in.linkedin.com/jobs/view/data-scientist-at-deloitte-4312254528?position=1&pageNum=0&refId=dCoNz2TMdzHiW5eu6mNPdA%3D%3D&trackingId=g9ZBrXJkhYtIuYvazoQ%2F8Q%3D%3D
Research Executive - Data Scientist,Unilever,"Bengaluru, Karnataka, India",https://in.linkedin.com/jobs/view/research-executive-data-scientist-at-unilever-4315071495?position=2&pageNum=0&refId=dCoNz2TMdzHiW5eu6mNPdA%3D%3D&trackingId=pj5YxocHsiWD8nJYj0Qsqw%3D%3D
ML Scientist II - Search,Nykaa,"Bengaluru, Karnataka, India",https://in.linkedin.com/jobs/view/ml-scientist-ii-search-at-nykaa-4314228576?position=3&pageNum=0&refId=dCoNz2TMdzHiW5eu6mNPdA%3D%3D&trackingId=LBV8hC3SoOQqlGRK9b3wJA%3D%3D
AI Scientist - I,Navi,"Bengaluru, Karnataka, India",https://in.linkedin.com/jobs/view/ai-scientist-i-at-navi-4315568150?position=4&pageNum=0&refId=dCoNz2TMdzHiW5eu6mNPdA%3D%3D&trackingId=OL%2B51I%2FGo43Rya0ggyZjng%3D%3D
Data Scientist,Deloitte,"Gurugram, Haryana, India",https://in.linkedin.com/jobs/view/data-scientist-at-deloitte-4311424283?position=5&pageNum=0&refId=dCoNz2TMdzHiW5eu6mNPdA%3D%3D&trackingId=kKKEdxdfDOEko1DzWfV41w%3D%3D
"Software Engineer, Machine Learning",LinkedIn,"Bengaluru, Karnataka, India",https://in.linkedin.com/jobs/view/software-engineer-machine-learning-at-linkedin-4304003122?position=6&pageNum=0&refId=dCoNz2TMdzHiW5eu6mNPdA%3D%3D&trackingId=OKFclwXQ8Uc1f5Dl7Vqm%2Bw%3D%3D
Data Scientist,AB InBev GCC India,"Bengaluru, Karnataka, India",https://in.linkedin.com/jobs/view/data-scientist-at-ab-inbev-gcc-india-4314768291?position=7&pageNum=0&refId=dCoNz2TMdzHiW5eu6mNPdA%3D%3D&trackingId=LeoWWKLxnUUtl8hAfkI55w%3D%3D
Data Scientist,Forbes Advisor,Mumbai Metropolitan Region,https://in.linkedin.com/jobs/view/data-scientist-at-forbes-advisor-4302705404?position=8&pageNum=0&refId=dCoNz2TMdzHiW5eu6mNPdA%3D%3D&trackingId=lPM6l4GAB92feNmPDQ9OWg%3D%3D
Data Scientist,Fusemachines,"Pune, Maharashtra, India",https://in.linkedin.com/jobs/view/data-scientist-at-fusemachines-4315332577?position=9&pageNum=0&refId=dCoNz2TMdzHiW5eu6mNPdA%3D%3D&trackingId=IUy%2FZcZdL%2BdyucUQrcleug%3D%3D
Data Scientist,Epsilon,"Bengaluru, Karnataka, India",https://in.linkedin.com/jobs/view/data-scientist-at-epsilon-4311871194?position=10&pageNum=0&refId=dCoNz2TMdzHiW5eu6mNPdA%3D%3D&trackingId=LKWa%2Bs8MyUb9srJ%2BhX3oPQ%3D%3D
Data Scientist - noon food,noon,"Gurugram, Haryana, India",https://in.linkedin.com/jobs/view/data-scientist-noon-food-at-noon-4314644591?position=11&pageNum=0&refId=dCoNz2TMdzHiW5eu6mNPdA%3D%3D&trackingId=DBFHbUzjhT2Pp2mGtZf9wQ%3D%3D
Python (AI/ML) Developer,Infosys,"Bengaluru East, Karnataka, India",https://in.linkedin.com/jobs/view/python-ai-ml-developer-at-infosys-4316404925?position=12&pageNum=0&refId=dCoNz2TMdzHiW5eu6mNPdA%3D%3D&trackingId=GzY3MkSSotHKtnUA%2B9B%2FiQ%3D%3D
Python Developer,Tata Elxsi,"Bengaluru, Karnataka, India",https://in.linkedin.com/jobs/view/python-developer-at-tata-elxsi-4315220413?position=13&pageNum=0&refId=dCoNz2TMdzHiW5eu6mNPdA%3D%3D&trackingId=i8I0pHSmtbsW9vdlB%2BV30w%3D%3D
Data Scientist,Piramal Finance,"Bangalore Urban, Karnataka, India",https://in.linkedin.com/jobs/view/data-scientist-at-piramal-finance-4310288967?position=14&pageNum=0&refId=dCoNz2TMdzHiW5eu6mNPdA%3D%3D&trackingId=w9H18iNIFZHUHXyt%2F4V41w%3D%3D
Quantitative ML Engineer,Meril,"Bengaluru, Karnataka, India",https://in.linkedin.com/jobs/view/quantitative-ml-engineer-at-meril-4315567332?position=15&pageNum=0&refId=dCoNz2TMdzHiW5eu6mNPdA%3D%3D&trackingId=IWsCYHWRGa%2FTFezZqNfo7g%3D%3D
Data Scientist/Analyst,Adobe,"Bengaluru East, Karnataka, India",https://in.linkedin.com/jobs/view/data-scientist-analyst-at-adobe-4303387312?position=16&pageNum=0&refId=dCoNz2TMdzHiW5eu6mNPdA%3D%3D&trackingId=Ubc2e0iRWstjjlJexD%2BYuA%3D%3D
Machine Learning Engineer,Capgemini,"Pune, Maharashtra, India",https://in.linkedin.com/jobs/view/machine-learning-engineer-at-capgemini-4309932785?position=17&pageNum=0&refId=dCoNz2TMdzHiW5eu6mNPdA%3D%3D&trackingId=3WOw81%2BdNN6vMHJOKa5dYw%3D%3D
Data Scientist,eBay,"Bengaluru, Karnataka, India",https://in.linkedin.com/jobs/view/data-scientist-at-ebay-4313301103?position=18&pageNum=0&refId=dCoNz2TMdzHiW5eu6mNPdA%3D%3D&trackingId=%2BZlLV8C%2BNp2PkpLJm1%2BD2g%3D%3D
Staff Data Scientist,LinkedIn,"Bengaluru, Karnataka, India",https://in.linkedin.com/jobs/view/staff-data-scientist-at-linkedin-4315356677?position=19&pageNum=0&refId=dCoNz2TMdzHiW5eu6mNPdA%3D%3D&trackingId=3NGaGVzg5Pfou7BF7rPINQ%3D%3D
AI Data Scientist,Persistent Systems,"Pune, Maharashtra, India",https://in.linkedin.com/jobs/view/ai-data-scientist-at-persistent-systems-4310267741?position=20&pageNum=0&refId=dCoNz2TMdzHiW5eu6mNPdA%3D%3D&trackingId=%2FR87kb9q%2FEHea2bj9hJIoQ%3D%3D
AI Applied Scientist 2,Microsoft,"Hyderabad, Telangana, India",https://in.linkedin.com/jobs/view/ai-applied-scientist-2-at-microsoft-4315828939?position=21&pageNum=0&refId=dCoNz2TMdzHiW5eu6mNPdA%3D%3D&trackingId=A6wViqBeGHpmKvLOwfEnuw%3D%3D
Data Scientist,PhonePe,"Bengaluru, Karnataka, India",https://in.linkedin.com/jobs/view/data-scientist-at-phonepe-4311853106?position=22&pageNum=0&refId=dCoNz2TMdzHiW5eu6mNPdA%3D%3D&trackingId=cwwhlbdiylcB0a%2FFkjEU5Q%3D%3D
Data Science Specialist,DDN,"Pune, Maharashtra, India",https://in.linkedin.com/jobs/view/data-science-specialist-at-ddn-4314245079?position=23&pageNum=0&refId=dCoNz2TMdzHiW5eu6mNPdA%3D%3D&trackingId=nSInyZcPKOuTc0Qs5WWwlQ%3D%3D
Data Scientist,Procter & Gamble,"Mumbai, Maharashtra, India",https://in.linkedin.com/jobs/view/data-scientist-at-procter-gamble-4303485542?position=24&pageNum=0&refId=dCoNz2TMdzHiW5eu6mNPdA%3D%3D&trackingId=KcqJojePlFLuHB0QTqQWlQ%3D%3D
"Data Scientist, Product Analytics",Meta,"Bengaluru, Karnataka, India",https://in.linkedin.com/jobs/view/data-scientist-product-analytics-at-meta-4309953560?position=25&pageNum=0&refId=dCoNz2TMdzHiW5eu6mNPdA%3D%3D&trackingId=UQ3L6SCiMqkxY5SEdnzJxw%3D%3D
Machine Learning Engineer,EXL,"Pune, Maharashtra, India",https://in.linkedin.com/jobs/view/machine-learning-engineer-at-exl-4313017626?position=26&pageNum=0&refId=dCoNz2TMdzHiW5eu6mNPdA%3D%3D&trackingId=cXuba%2FgdM5Q9Ql2pdB0OnA%3D%3D
Data Scientist,Deloitte,"Maharashtra, India",https://in.linkedin.com/jobs/view/data-scientist-at-deloitte-4313039279?position=27&pageNum=0&refId=dCoNz2TMdzHiW5eu6mNPdA%3D%3D&trackingId=xZKEc0DZJNta8ahl1VeiWA%3D%3D
Python ML developer,Infosys,"Bengaluru East, Karnataka, India",https://in.linkedin.com/jobs/view/python-ml-developer-at-infosys-4316445035?position=28&pageNum=0&refId=dCoNz2TMdzHiW5eu6mNPdA%3D%3D&trackingId=dRrsNgpUB6nfxt6MGPABEw%3D%3D
Machine Learning Engineer || Bangalore/Hyderabad/Chennai/Noida,HCLTech,"Bengaluru, Karnataka, India",https://in.linkedin.com/jobs/view/machine-learning-engineer-bangalore-hyderabad-chennai-noida-at-hcltech-4313329247?position=29&pageNum=0&refId=dCoNz2TMdzHiW5eu6mNPdA%3D%3D&trackingId=Mar2oOFGCyykZt6F8CGQ4A%3D%3D
Data Scientist,Syngenta,"Pune, Maharashtra, India",https://in.linkedin.com/jobs/view/data-scientist-at-syngenta-4316056688?position=30&pageNum=0&refId=dCoNz2TMdzHiW5eu6mNPdA%3D%3D&trackingId=Luqg4HnFeGXNZfY0Gka9sQ%3D%3D
AI/DNA-Data Scientists,Infosys,"Bengaluru East, Karnataka, India",https://in.linkedin.com/jobs/view/ai-dna-data-scientists-at-infosys-4316174143?position=31&pageNum=0&refId=dCoNz2TMdzHiW5eu6mNPdA%3D%3D&trackingId=%2F50yOztC6owtSlJRdfijpw%3D%3D
Data Scientist,Coforge,"Noida, Uttar Pradesh, India",https://in.linkedin.com/jobs/view/data-scientist-at-coforge-4310713079?position=32&pageNum=0&refId=dCoNz2TMdzHiW5eu6mNPdA%3D%3D&trackingId=FSL6A1f8ooqfW%2FExYh09nA%3D%3D
Associate Data Scientist,Infosys,"Bengaluru East, Karnataka, India",https://in.linkedin.com/jobs/view/associate-data-scientist-at-infosys-4315284407?position=33&pageNum=0&refId=dCoNz2TMdzHiW5eu6mNPdA%3D%3D&trackingId=jcQudq67gWtMEG%2B5MT%2BJRQ%3D%3D
Data Scientist,Quess Corp Limited,"Bengaluru, Karnataka, India",https://in.linkedin.com/jobs/view/data-scientist-at-quess-corp-limited-4313111849?position=34&pageNum=0&refId=dCoNz2TMdzHiW5eu6mNPdA%3D%3D&trackingId=tDUCua7YXC%2BCx6u%2BX1ZKig%3D%3D
Data Science Manager,NielsenIQ,Pune/Pimpri-Chinchwad Area,https://in.linkedin.com/jobs/view/data-science-manager-at-nielseniq-4314288611?position=35&pageNum=0&refId=dCoNz2TMdzHiW5eu6mNPdA%3D%3D&trackingId=xZD4FCKnKzExANO8q0h%2FWg%3D%3D
Data Scientist,Tata Consultancy Services,"Bangalore Urban, Karnataka, India",https://in.linkedin.com/jobs/view/data-scientist-at-tata-consultancy-services-4315594388?position=36&pageNum=0&refId=dCoNz2TMdzHiW5eu6mNPdA%3D%3D&trackingId=cjplGHGVgZKRift4l1IWZQ%3D%3D
Data Scientist,Rakuten Symphony,"Bengaluru, Karnataka, India",https://in.linkedin.com/jobs/view/data-scientist-at-rakuten-symphony-4314497656?position=37&pageNum=0&refId=dCoNz2TMdzHiW5eu6mNPdA%3D%3D&trackingId=%2FPD%2BzrVfaXeeD25AFQkD%2FA%3D%3D
Data Scientist,Ericsson,"Bengaluru, Karnataka, India",https://in.linkedin.com/jobs/view/data-scientist-at-ericsson-4314720570?position=38&pageNum=0&refId=dCoNz2TMdzHiW5eu6mNPdA%3D%3D&trackingId=%2FRDa8CMihrooi1Y0%2Ba8mVg%3D%3D
"Data Scientist, Research, App Safety Engineering",Google,"Bengaluru, Karnataka, India",https://in.linkedin.com/jobs/view/data-scientist-research-app-safety-engineering-at-google-4303809377?position=39&pageNum=0&refId=dCoNz2TMdzHiW5eu6mNPdA%3D%3D&trackingId=4zkHZ9Q5Q0AQ%2Feuyfkl%2Bjg%3D%3D
AI/ML Engineer,IIT Kanpur,"Kanpur, Uttar Pradesh, India",https://in.linkedin.com/jobs/view/ai-ml-engineer-at-iit-kanpur-4315552666?position=40&pageNum=0&refId=dCoNz2TMdzHiW5eu6mNPdA%3D%3D&trackingId=sJ4Sb1xZf1idGw%2B9RuiOMQ%3D%3D
Python ML developers,Infosys,"Bengaluru East, Karnataka, India",https://in.linkedin.com/jobs/view/python-ml-developers-at-infosys-4316456302?position=41&pageNum=0&refId=dCoNz2TMdzHiW5eu6mNPdA%3D%3D&trackingId=0Z%2BHcv1sNz7mo387Y1HoZw%3D%3D
Python Developer,Capgemini,"Sion, Maharashtra, India",https://in.linkedin.com/jobs/view/python-developer-at-capgemini-4314149653?position=42&pageNum=0&refId=dCoNz2TMdzHiW5eu6mNPdA%3D%3D&trackingId=%2ByVdllFAYpmty4%2FGk2b3wA%3D%3D
Data Scientist,PepsiCo,"Hyderabad, Telangana, India",https://in.linkedin.com/jobs/view/data-scientist-at-pepsico-4312407902?position=43&pageNum=0&refId=dCoNz2TMdzHiW5eu6mNPdA%3D%3D&trackingId=MnPDF3z%2F%2FnSyshwTf2BpYQ%3D%3D
Assistant Manager-Data Science-Data Scientist,EXL,"Gurugram, Haryana, India",https://in.linkedin.com/jobs/view/assistant-manager-data-science-data-scientist-at-exl-4315669185?position=44&pageNum=0&refId=dCoNz2TMdzHiW5eu6mNPdA%3D%3D&trackingId=qLmrNrQ5MeSwH%2FCbyO1P1g%3D%3D
Data Scientist (Remote),Taskify,India,https://in.linkedin.com/jobs/view/data-scientist-remote-at-taskify-4309956302?position=45&pageNum=0&refId=dCoNz2TMdzHiW5eu6mNPdA%3D%3D&trackingId=z1hO0%2FChBgAxEEuVOBMlvw%3D%3D
Senior Staff Data Scientist,LinkedIn,"Bengaluru, Karnataka, India",https://in.linkedin.com/jobs/view/senior-staff-data-scientist-at-linkedin-4305549508?position=46&pageNum=0&refId=dCoNz2TMdzHiW5eu6mNPdA%3D%3D&trackingId=GOo3TfZ0XgU2mF6odfHd9w%3D%3D
Python Developer,Infosys,"Bengaluru East, Karnataka, India",https://in.linkedin.com/jobs/view/python-developer-at-infosys-4315760151?position=47&pageNum=0&refId=dCoNz2TMdzHiW5eu6mNPdA%3D%3D&trackingId=3%2Fy1b13GQ2Xfz6prP9w2gw%3D%3D
Machine Learning Engineer,Recro,"Bengaluru, Karnataka, India",https://in.linkedin.com/jobs/view/machine-learning-engineer-at-recro-4312657304?position=48&pageNum=0&refId=dCoNz2TMdzHiW5eu6mNPdA%3D%3D&trackingId=cpD823XG8MVjNXQJLBduYg%3D%3D
ML Engineer,Weekday AI (YC W21),"Bengaluru, Karnataka, India",https://in.linkedin.com/jobs/view/ml-engineer-at-weekday-ai-yc-w21-4314136748?position=49&pageNum=0&refId=dCoNz2TMdzHiW5eu6mNPdA%3D%3D&trackingId=tKsvoY9ZlB3%2BmaCE8QThtw%3D%3D
Data Scientist,Ericsson,"Bengaluru, Karnataka, India",https://in.linkedin.com/jobs/view/data-scientist-at-ericsson-4312669541?position=50&pageNum=0&refId=dCoNz2TMdzHiW5eu6mNPdA%3D%3D&trackingId=E%2FXv2nmMb5PuE95Zlyv3bA%3D%3D
Data Scientist,Celebal Technologies,"Jaipur, Rajasthan, India",https://in.linkedin.com/jobs/view/data-scientist-at-celebal-technologies-4311862152?position=51&pageNum=0&refId=dCoNz2TMdzHiW5eu6mNPdA%3D%3D&trackingId=A%2F%2BAUCUnUTAyLj9684tIYA%3D%3D
AIML Engineer,Persistent Systems,"Pune, Maharashtra, India",https://in.linkedin.com/jobs/view/aiml-engineer-at-persistent-systems-4313313607?position=52&pageNum=0&refId=dCoNz2TMdzHiW5eu6mNPdA%3D%3D&trackingId=JOyPRmLoyFPZKdnehkAJ0Q%3D%3D
Data Scientist,Tiger Analytics,"Bengaluru, Karnataka, India",https://in.linkedin.com/jobs/view/data-scientist-at-tiger-analytics-4313586626?position=53&pageNum=0&refId=dCoNz2TMdzHiW5eu6mNPdA%3D%3D&trackingId=FgBF9D4yXLC5hVgTrz7k8g%3D%3D
Data Scientist,Valiance Solutions,"Bengaluru, Karnataka, India",https://in.linkedin.com/jobs/view/data-scientist-at-valiance-solutions-4282629567?position=54&pageNum=0&refId=dCoNz2TMdzHiW5eu6mNPdA%3D%3D&trackingId=Du8LOoTcDfVAfsZXJFyoiQ%3D%3D
Research Scientist,NielsenIQ,"Chennai, Tamil Nadu, India",https://in.linkedin.com/jobs/view/research-scientist-at-nielseniq-4313590494?position=55&pageNum=0&refId=dCoNz2TMdzHiW5eu6mNPdA%3D%3D&trackingId=ltQmDMtSbB%2FVy2aVOnRTgQ%3D%3D
Data Scientist,Recro,"Bengaluru, Karnataka, India",https://in.linkedin.com/jobs/view/data-scientist-at-recro-4315559341?position=56&pageNum=0&refId=dCoNz2TMdzHiW5eu6mNPdA%3D%3D&trackingId=Zoc2zHEkk5SpXu1SD96v7w%3D%3D
Machine Learning Engineer,Blue Polaris,"Pune, Maharashtra, India",https://in.linkedin.com/jobs/view/machine-learning-engineer-at-blue-polaris-4310711259?position=57&pageNum=0&refId=dCoNz2TMdzHiW5eu6mNPdA%3D%3D&trackingId=R5VdGqexCfvvUiEZboH5kg%3D%3D
Data Scientist,Citi,"Bengaluru, Karnataka, India",https://in.linkedin.com/jobs/view/data-scientist-at-citi-4314037805?position=58&pageNum=0&refId=dCoNz2TMdzHiW5eu6mNPdA%3D%3D&trackingId=edew6uGTDlh%2F45cshviauw%3D%3D
Data Scientist,Tezo,"Hyderabad, Telangana, India",https://in.linkedin.com/jobs/view/data-scientist-at-tezo-4313688490?position=59&pageNum=0&refId=dCoNz2TMdzHiW5eu6mNPdA%3D%3D&trackingId=wFLXbJxMtfDlK679AriyPA%3D%3D
AI / ML Engineer,Chargebee,"Chennai, Tamil Nadu, India",https://in.linkedin.com/jobs/view/ai-ml-engineer-at-chargebee-4314287202?position=60&pageNum=0&refId=dCoNz2TMdzHiW5eu6mNPdA%3D%3D&trackingId=KVLvdeXFuMmQ5sENSxppDA%3D%3D
Data Scientist,Deloitte,"Mumbai, Maharashtra, India",https://in.linkedin.com/jobs/view/data-scientist-at-deloitte-4312254528?position=1&pageNum=0&refId=g3i17ZryZ0A0DM620YIJQg%3D%3D&trackingId=1cFJACMrX6abaaieCfbCTg%3D%3D
Research Executive - Data Scientist,Unilever,"Bengaluru, Karnataka, India",https://in.linkedin.com/jobs/view/research-executive-data-scientist-at-unilever-4315071495?position=2&pageNum=0&refId=g3i17ZryZ0A0DM620YIJQg%3D%3D&trackingId=aD3fQmXkWGGc%2BP2wi9lJ1A%3D%3D
ML Scientist II - Search,Nykaa,"Bengaluru, Karnataka, India",https://in.linkedin.com/jobs/view/ml-scientist-ii-search-at-nykaa-4314228576?position=3&pageNum=0&refId=g3i17ZryZ0A0DM620YIJQg%3D%3D&trackingId=LqON3xkxQR49dx5C3%2BhLEg%3D%3D
AI Scientist - I,Navi,"Bengaluru, Karnataka, India",https://in.linkedin.com/jobs/view/ai-scientist-i-at-navi-4315568150?position=4&pageNum=0&refId=g3i17ZryZ0A0DM620YIJQg%3D%3D&trackingId=TDyiT1pSngOsOZNXFxuCxA%3D%3D
Data Scientist,Deloitte,"Gurugram, Haryana, India",https://in.linkedin.com/jobs/view/data-scientist-at-deloitte-4311424283?position=5&pageNum=0&refId=g3i17ZryZ0A0DM620YIJQg%3D%3D&trackingId=iPUn5IO3VzqGvONteF4fzA%3D%3D
"Software Engineer, Machine Learning",LinkedIn,"Bengaluru, Karnataka, India",https://in.linkedin.com/jobs/view/software-engineer-machine-learning-at-linkedin-4304003122?position=6&pageNum=0&refId=g3i17ZryZ0A0DM620YIJQg%3D%3D&trackingId=htTWN58i55Rt%2BQBxi2uBDw%3D%3D
Data Scientist,AB InBev GCC India,"Bengaluru, Karnataka, India",https://in.linkedin.com/jobs/view/data-scientist-at-ab-inbev-gcc-india-4314768291?position=7&pageNum=0&refId=g3i17ZryZ0A0DM620YIJQg%3D%3D&trackingId=0NDnG4YFGPc7t1cnoRVo9w%3D%3D
Data Scientist,Forbes Advisor,Mumbai Metropolitan Region,https://in.linkedin.com/jobs/view/data-scientist-at-forbes-advisor-4302705404?position=8&pageNum=0&refId=g3i17ZryZ0A0DM620YIJQg%3D%3D&trackingId=Bp%2BEmC6Ar7gc489x9pmOGA%3D%3D
Data Scientist,Fusemachines,"Pune, Maharashtra, India",https://in.linkedin.com/jobs/view/data-scientist-at-fusemachines-4315332577?position=9&pageNum=0&refId=g3i17ZryZ0A0DM620YIJQg%3D%3D&trackingId=CUEmK4hV%2FrhWj0PxKC2MkQ%3D%3D
Data Scientist,Epsilon,"Bengaluru, Karnataka, India",https://in.linkedin.com/jobs/view/data-scientist-at-epsilon-4311871194?position=10&pageNum=0&refId=g3i17ZryZ0A0DM620YIJQg%3D%3D&trackingId=Ijflz%2F0fm8Mwn54A2iSlKg%3D%3D
Data Scientist - noon food,noon,"Gurugram, Haryana, India",https://in.linkedin.com/jobs/view/data-scientist-noon-food-at-noon-4314644591?position=11&pageNum=0&refId=g3i17ZryZ0A0DM620YIJQg%3D%3D&trackingId=c1hJYqSXHjyp3HjnXHKrcA%3D%3D
Python (AI/ML) Developer,Infosys,"Bengaluru East, Karnataka, India",https://in.linkedin.com/jobs/view/python-ai-ml-developer-at-infosys-4316404925?position=12&pageNum=0&refId=g3i17ZryZ0A0DM620YIJQg%3D%3D&trackingId=p%2FSv9OEhF9v03FJNkkl4jQ%3D%3D
Python Developer,Tata Elxsi,"Bengaluru, Karnataka, India",https://in.linkedin.com/jobs/view/python-developer-at-tata-elxsi-4315220413?position=13&pageNum=0&refId=g3i17ZryZ0A0DM620YIJQg%3D%3D&trackingId=pqvJeM64k9fkIBPwjVkfTw%3D%3D
Data Scientist,Piramal Finance,"Bangalore Urban, Karnataka, India",https://in.linkedin.com/jobs/view/data-scientist-at-piramal-finance-4310288967?position=14&pageNum=0&refId=g3i17ZryZ0A0DM620YIJQg%3D%3D&trackingId=g7dpEuRme%2BQdTEWxxwq5Tw%3D%3D
Quantitative ML Engineer,Meril,"Bengaluru, Karnataka, India",https://in.linkedin.com/jobs/view/quantitative-ml-engineer-at-meril-4315567332?position=15&pageNum=0&refId=g3i17ZryZ0A0DM620YIJQg%3D%3D&trackingId=44JDPKZb7oUf%2B3M3bqWo2g%3D%3D
Data Scientist/Analyst,Adobe,"Bengaluru East, Karnataka, India",https://in.linkedin.com/jobs/view/data-scientist-analyst-at-adobe-4303387312?position=16&pageNum=0&refId=g3i17ZryZ0A0DM620YIJQg%3D%3D&trackingId=Q7S8n%2FPiTsa33eo%2Fj8oH5Q%3D%3D
Machine Learning Engineer,Capgemini,"Pune, Maharashtra, India",https://in.linkedin.com/jobs/view/machine-learning-engineer-at-capgemini-4309932785?position=17&pageNum=0&refId=g3i17ZryZ0A0DM620YIJQg%3D%3D&trackingId=l%2FrliyZxn1mBhznfd%2FOwLQ%3D%3D
Data Scientist,eBay,"Bengaluru, Karnataka, India",https://in.linkedin.com/jobs/view/data-scientist-at-ebay-4313301103?position=18&pageNum=0&refId=g3i17ZryZ0A0DM620YIJQg%3D%3D&trackingId=wNnOUDKV6kr5PxCoDmDQZA%3D%3D
Staff Data Scientist,LinkedIn,"Bengaluru, Karnataka, India",https://in.linkedin.com/jobs/view/staff-data-scientist-at-linkedin-4315356677?position=19&pageNum=0&refId=g3i17ZryZ0A0DM620YIJQg%3D%3D&trackingId=6eJmwntJrh2TlZwEztbERQ%3D%3D
AI Data Scientist,Persistent Systems,"Pune, Maharashtra, India",https://in.linkedin.com/jobs/view/ai-data-scientist-at-persistent-systems-4310267741?position=20&pageNum=0&refId=g3i17ZryZ0A0DM620YIJQg%3D%3D&trackingId=0CbKI4DfBHRTHaoAhzxCbQ%3D%3D
AI Applied Scientist 2,Microsoft,"Hyderabad, Telangana, India",https://in.linkedin.com/jobs/view/ai-applied-scientist-2-at-microsoft-4315828939?position=21&pageNum=0&refId=g3i17ZryZ0A0DM620YIJQg%3D%3D&trackingId=2%2FyGVWklg2VjsZF%2BapnBeQ%3D%3D
Data Scientist,PhonePe,"Bengaluru, Karnataka, India",https://in.linkedin.com/jobs/view/data-scientist-at-phonepe-4311853106?position=22&pageNum=0&refId=g3i17ZryZ0A0DM620YIJQg%3D%3D&trackingId=vwynvVZFgM%2F1sGjpM3S39Q%3D%3D
Data Science Specialist,DDN,"Pune, Maharashtra, India",https://in.linkedin.com/jobs/view/data-science-specialist-at-ddn-4314245079?position=23&pageNum=0&refId=g3i17ZryZ0A0DM620YIJQg%3D%3D&trackingId=Yq46b9nnK27lslF7oVtU8g%3D%3D
Data Scientist,Procter & Gamble,"Mumbai, Maharashtra, India",https://in.linkedin.com/jobs/view/data-scientist-at-procter-gamble-4303485542?position=24&pageNum=0&refId=g3i17ZryZ0A0DM620YIJQg%3D%3D&trackingId=CyrEbyZP%2BDF65FBPDSk3jw%3D%3D
"Data Scientist, Product Analytics",Meta,"Bengaluru, Karnataka, India",https://in.linkedin.com/jobs/view/data-scientist-product-analytics-at-meta-4309953560?position=25&pageNum=0&refId=g3i17ZryZ0A0DM620YIJQg%3D%3D&trackingId=NCBWNUp9kmGG8sFMvN%2F3fA%3D%3D
Machine Learning Engineer,EXL,"Pune, Maharashtra, India",https://in.linkedin.com/jobs/view/machine-learning-engineer-at-exl-4313017626?position=26&pageNum=0&refId=g3i17ZryZ0A0DM620YIJQg%3D%3D&trackingId=ij49IOL3Lu7lK7BLzKsQtQ%3D%3D
Data Scientist,Deloitte,"Maharashtra, India",https://in.linkedin.com/jobs/view/data-scientist-at-deloitte-4313039279?position=27&pageNum=0&refId=g3i17ZryZ0A0DM620YIJQg%3D%3D&trackingId=28GeAoegJ5N01Obl7%2BZTxQ%3D%3D
Python ML developer,Infosys,"Bengaluru East, Karnataka, India",https://in.linkedin.com/jobs/view/python-ml-developer-at-infosys-4316445035?position=28&pageNum=0&refId=g3i17ZryZ0A0DM620YIJQg%3D%3D&trackingId=QMUApO6SU89D36vE7%2BQ5Ug%3D%3D
Machine Learning Engineer || Bangalore/Hyderabad/Chennai/Noida,HCLTech,"Bengaluru, Karnataka, India",https://in.linkedin.com/jobs/view/machine-learning-engineer-bangalore-hyderabad-chennai-noida-at-hcltech-4313329247?position=29&pageNum=0&refId=g3i17ZryZ0A0DM620YIJQg%3D%3D&trackingId=OsROuDq82lPMrUYBApkcEQ%3D%3D
Data Scientist,Syngenta,"Pune, Maharashtra, India",https://in.linkedin.com/jobs/view/data-scientist-at-syngenta-4316056688?position=30&pageNum=0&refId=g3i17ZryZ0A0DM620YIJQg%3D%3D&trackingId=oX%2Bx%2FV6VWcMZf4%2BLnnkGGg%3D%3D
AI/DNA-Data Scientists,Infosys,"Bengaluru East, Karnataka, India",https://in.linkedin.com/jobs/view/ai-dna-data-scientists-at-infosys-4316174143?position=31&pageNum=0&refId=g3i17ZryZ0A0DM620YIJQg%3D%3D&trackingId=b6kAabwEYGUKpkPVaazQPw%3D%3D
Data Scientist,Coforge,"Noida, Uttar Pradesh, India",https://in.linkedin.com/jobs/view/data-scientist-at-coforge-4310713079?position=32&pageNum=0&refId=g3i17ZryZ0A0DM620YIJQg%3D%3D&trackingId=W6kL5Ihq92p%2FDDnINeftqQ%3D%3D
Associate Data Scientist,Infosys,"Bengaluru East, Karnataka, India",https://in.linkedin.com/jobs/view/associate-data-scientist-at-infosys-4315284407?position=33&pageNum=0&refId=g3i17ZryZ0A0DM620YIJQg%3D%3D&trackingId=2x1%2BxRY4%2FnImfVuH%2B75Ccw%3D%3D
Data Scientist,Quess Corp Limited,"Bengaluru, Karnataka, India",https://in.linkedin.com/jobs/view/data-scientist-at-quess-corp-limited-4313111849?position=34&pageNum=0&refId=g3i17ZryZ0A0DM620YIJQg%3D%3D&trackingId=2FvkGMYOsVK5Kh2rW6q46g%3D%3D
Data Science Manager,NielsenIQ,Pune/Pimpri-Chinchwad Area,https://in.linkedin.com/jobs/view/data-science-manager-at-nielseniq-4314288611?position=35&pageNum=0&refId=g3i17ZryZ0A0DM620YIJQg%3D%3D&trackingId=pjMjbewCywPNfSTugilToQ%3D%3D
Data Scientist,Rakuten Symphony,"Bengaluru, Karnataka, India",https://in.linkedin.com/jobs/view/data-scientist-at-rakuten-symphony-4314497656?position=36&pageNum=0&refId=g3i17ZryZ0A0DM620YIJQg%3D%3D&trackingId=S3dXDN%2FITDX2VnltNjPejQ%3D%3D
Data Scientist,Tata Consultancy Services,"Bangalore Urban, Karnataka, India",https://in.linkedin.com/jobs/view/data-scientist-at-tata-consultancy-services-4315594388?position=37&pageNum=0&refId=g3i17ZryZ0A0DM620YIJQg%3D%3D&trackingId=tVJCaaJIHQDChwp3Ut8fRw%3D%3D
Data Scientist,Ericsson,"Bengaluru, Karnataka, India",https://in.linkedin.com/jobs/view/data-scientist-at-ericsson-4314720570?position=38&pageNum=0&refId=g3i17ZryZ0A0DM620YIJQg%3D%3D&trackingId=qVfMNToomvUOL%2FPJqhdAQA%3D%3D
"Data Scientist, Research, App Safety Engineering",Google,"Bengaluru, Karnataka, India",https://in.linkedin.com/jobs/view/data-scientist-research-app-safety-engineering-at-google-4303809377?position=39&pageNum=0&refId=g3i17ZryZ0A0DM620YIJQg%3D%3D&trackingId=pEj2oXFN4PtSqSx0XAdpLA%3D%3D
AI/ML Engineer,IIT Kanpur,"Kanpur, Uttar Pradesh, India",https://in.linkedin.com/jobs/view/ai-ml-engineer-at-iit-kanpur-4315552666?position=40&pageNum=0&refId=g3i17ZryZ0A0DM620YIJQg%3D%3D&trackingId=CYH9%2F%2Ff9xoAnWXA9%2FQ7Xhw%3D%3D
Python Developer,Capgemini,"Sion, Maharashtra, India",https://in.linkedin.com/jobs/view/python-developer-at-capgemini-4314149653?position=41&pageNum=0&refId=g3i17ZryZ0A0DM620YIJQg%3D%3D&trackingId=EXitRSrUsmlt5kv2yXDeAA%3D%3D
Data Scientist,PepsiCo,"Hyderabad, Telangana, India",https://in.linkedin.com/jobs/view/data-scientist-at-pepsico-4312407902?position=42&pageNum=0&refId=g3i17ZryZ0A0DM620YIJQg%3D%3D&trackingId=%2B1yaHFSRqg6aJLbeyYc7ow%3D%3D
Assistant Manager-Data Science-Data Scientist,EXL,"Gurugram, Haryana, India",https://in.linkedin.com/jobs/view/assistant-manager-data-science-data-scientist-at-exl-4315669185?position=43&pageNum=0&refId=g3i17ZryZ0A0DM620YIJQg%3D%3D&trackingId=%2FPjobY1LtgpTutMfdmD2Qw%3D%3D
Data Scientist (Remote),Taskify,India,https://in.linkedin.com/jobs/view/data-scientist-remote-at-taskify-4309956302?position=44&pageNum=0&refId=g3i17ZryZ0A0DM620YIJQg%3D%3D&trackingId=8UZ4p4SdkmuSFAhO3aU6yQ%3D%3D
Senior Staff Data Scientist,LinkedIn,"Bengaluru, Karnataka, India",https://in.linkedin.com/jobs/view/senior-staff-data-scientist-at-linkedin-4305549508?position=45&pageNum=0&refId=g3i17ZryZ0A0DM620YIJQg%3D%3D&trackingId=YntA5isM5lrnaDq9oNs1eQ%3D%3D
Python Developer,Infosys,"Bengaluru East, Karnataka, India",https://in.linkedin.com/jobs/view/python-developer-at-infosys-4315760151?position=46&pageNum=0&refId=g3i17ZryZ0A0DM620YIJQg%3D%3D&trackingId=xotrLzs3rRVQQ4B99x%2Fp6A%3D%3D
Machine Learning Engineer,Recro,"Bengaluru, Karnataka, India",https://in.linkedin.com/jobs/view/machine-learning-engineer-at-recro-4312657304?position=47&pageNum=0&refId=g3i17ZryZ0A0DM620YIJQg%3D%3D&trackingId=l1%2Fc1KVsUQDQlgOUKWLJgQ%3D%3D
ML Engineer,Weekday AI (YC W21),"Bengaluru, Karnataka, India",https://in.linkedin.com/jobs/view/ml-engineer-at-weekday-ai-yc-w21-4314136748?position=48&pageNum=0&refId=g3i17ZryZ0A0DM620YIJQg%3D%3D&trackingId=OLr9d1%2B9ZzxKbQVeqagoZg%3D%3D
Data Scientist,Ericsson,"Bengaluru, Karnataka, India",https://in.linkedin.com/jobs/view/data-scientist-at-ericsson-4312669541?position=49&pageNum=0&refId=g3i17ZryZ0A0DM620YIJQg%3D%3D&trackingId=UGY9a4tQ21bGQ23jRUYNyA%3D%3D
Data Scientist,Celebal Technologies,"Jaipur, Rajasthan, India",https://in.linkedin.com/jobs/view/data-scientist-at-celebal-technologies-4311862152?position=50&pageNum=0&refId=g3i17ZryZ0A0DM620YIJQg%3D%3D&trackingId=wMJd5TjyYyY4vcbdCXb%2Bhw%3D%3D
AIML Engineer,Persistent Systems,"Pune, Maharashtra, India",https://in.linkedin.com/jobs/view/aiml-engineer-at-persistent-systems-4313313607?position=51&pageNum=0&refId=g3i17ZryZ0A0DM620YIJQg%3D%3D&trackingId=DbRIw6L5HbowTt6D6MU1Mw%3D%3D
Data Scientist,Tiger Analytics,"Bengaluru, Karnataka, India",https://in.linkedin.com/jobs/view/data-scientist-at-tiger-analytics-4313586626?position=52&pageNum=0&refId=g3i17ZryZ0A0DM620YIJQg%3D%3D&trackingId=Dv211JGOPMesNbj76TVQcA%3D%3D
Data Scientist,Valiance Solutions,"Bengaluru, Karnataka, India",https://in.linkedin.com/jobs/view/data-scientist-at-valiance-solutions-4282629567?position=53&pageNum=0&refId=g3i17ZryZ0A0DM620YIJQg%3D%3D&trackingId=h%2FpGqTJ3ntEPdghfuGFKBw%3D%3D
Research Scientist,NielsenIQ,"Chennai, Tamil Nadu, India",https://in.linkedin.com/jobs/view/research-scientist-at-nielseniq-4313590494?position=54&pageNum=0&refId=g3i17ZryZ0A0DM620YIJQg%3D%3D&trackingId=taTPQG6lWEOaMBRUyxUgCA%3D%3D
Data Scientist,Recro,"Bengaluru, Karnataka, India",https://in.linkedin.com/jobs/view/data-scientist-at-recro-4315559341?position=55&pageNum=0&refId=g3i17ZryZ0A0DM620YIJQg%3D%3D&trackingId=YrLn7LhDFZOV3eOVefI%2BNA%3D%3D
Machine Learning Engineer,Blue Polaris,"Pune, Maharashtra, India",https://in.linkedin.com/jobs/view/machine-learning-engineer-at-blue-polaris-4310711259?position=56&pageNum=0&refId=g3i17ZryZ0A0DM620YIJQg%3D%3D&trackingId=8J%2BZFQpQB0T7WEcaQP%2BSPg%3D%3D
Data Scientist,Citi,"Bengaluru, Karnataka, India",https://in.linkedin.com/jobs/view/data-scientist-at-citi-4314037805?position=57&pageNum=0&refId=g3i17ZryZ0A0DM620YIJQg%3D%3D&trackingId=D9OuzR0XsPghB16h58P02w%3D%3D
Data Scientist,Tezo,"Hyderabad, Telangana, India",https://in.linkedin.com/jobs/view/data-scientist-at-tezo-4313688490?position=58&pageNum=0&refId=g3i17ZryZ0A0DM620YIJQg%3D%3D&trackingId=yF%2FHPwVJpNNAcmyeKjLDwg%3D%3D
AI / ML Engineer,Chargebee,"Chennai, Tamil Nadu, India",https://in.linkedin.com/jobs/view/ai-ml-engineer-at-chargebee-4314287202?position=59&pageNum=0&refId=g3i17ZryZ0A0DM620YIJQg%3D%3D&trackingId=4qzNaaQWlEu%2BpC3Dp9G%2BVA%3D%3D
Python ML developers,Infosys,"Bengaluru East, Karnataka, India",https://in.linkedin.com/jobs/view/python-ml-developers-at-infosys-4316456302?position=60&pageNum=0&refId=g3i17ZryZ0A0DM620YIJQg%3D%3D&trackingId=158rFqa6u%2FJrqJIzcQya4w%3D%3D
Data Scientist,Deloitte,"Mumbai, Maharashtra, India",https://in.linkedin.com/jobs/view/data-scientist-at-deloitte-4312254528?position=1&pageNum=0&refId=iHW2BTRNDnpcpsG8ufGc4Q%3D%3D&trackingId=laq2qOV2RGbsj7%2FFJtBcFg%3D%3D
Research Executive - Data Scientist,Unilever,"Bengaluru, Karnataka, India",https://in.linkedin.com/jobs/view/research-executive-data-scientist-at-unilever-4315071495?position=2&pageNum=0&refId=iHW2BTRNDnpcpsG8ufGc4Q%3D%3D&trackingId=vL%2BJ%2BvPELtXMZmLya1%2B2Sw%3D%3D
ML Scientist II - Search,Nykaa,"Bengaluru, Karnataka, India",https://in.linkedin.com/jobs/view/ml-scientist-ii-search-at-nykaa-4314228576?position=3&pageNum=0&refId=iHW2BTRNDnpcpsG8ufGc4Q%3D%3D&trackingId=uCjQM5WZXIg5d88f32h0Ow%3D%3D
AI Scientist - I,Navi,"Bengaluru, Karnataka, India",https://in.linkedin.com/jobs/view/ai-scientist-i-at-navi-4315568150?position=4&pageNum=0&refId=iHW2BTRNDnpcpsG8ufGc4Q%3D%3D&trackingId=h8IuRohKKMf3L39tIvGASA%3D%3D
Data Scientist,Deloitte,"Gurugram, Haryana, India",https://in.linkedin.com/jobs/view/data-scientist-at-deloitte-4311424283?position=5&pageNum=0&refId=iHW2BTRNDnpcpsG8ufGc4Q%3D%3D&trackingId=sBWdMa5P0ngesQ%2F1NLkN2Q%3D%3D
"Software Engineer, Machine Learning",LinkedIn,"Bengaluru, Karnataka, India",https://in.linkedin.com/jobs/view/software-engineer-machine-learning-at-linkedin-4304003122?position=6&pageNum=0&refId=iHW2BTRNDnpcpsG8ufGc4Q%3D%3D&trackingId=z45kuveBlhz7ajtbToToiA%3D%3D
Data Scientist,AB InBev GCC India,"Bengaluru, Karnataka, India",https://in.linkedin.com/jobs/view/data-scientist-at-ab-inbev-gcc-india-4314768291?position=7&pageNum=0&refId=iHW2BTRNDnpcpsG8ufGc4Q%3D%3D&trackingId=8w0LFwDu3t%2FtRIXWP66JMA%3D%3D
Data Scientist,Forbes Advisor,Mumbai Metropolitan Region,https://in.linkedin.com/jobs/view/data-scientist-at-forbes-advisor-4302705404?position=8&pageNum=0&refId=iHW2BTRNDnpcpsG8ufGc4Q%3D%3D&trackingId=KQ0KH3YNp6omtaF4%2FfTMsw%3D%3D
Data Scientist,Fusemachines,"Pune, Maharashtra, India",https://in.linkedin.com/jobs/view/data-scientist-at-fusemachines-4315332577?position=9&pageNum=0&refId=iHW2BTRNDnpcpsG8ufGc4Q%3D%3D&trackingId=YLBEij7EI%2B8Hy81fJZRBwA%3D%3D
Data Scientist,Epsilon,"Bengaluru, Karnataka, India",https://in.linkedin.com/jobs/view/data-scientist-at-epsilon-4311871194?position=10&pageNum=0&refId=iHW2BTRNDnpcpsG8ufGc4Q%3D%3D&trackingId=nRLrLfC4aVX1P6Iw5%2BCAzQ%3D%3D
Data Scientist - noon food,noon,"Gurugram, Haryana, India",https://in.linkedin.com/jobs/view/data-scientist-noon-food-at-noon-4314644591?position=11&pageNum=0&refId=iHW2BTRNDnpcpsG8ufGc4Q%3D%3D&trackingId=TcHW0BSi%2F9oLKFvZyhBQHQ%3D%3D
Python (AI/ML) Developer,Infosys,"Bengaluru East, Karnataka, India",https://in.linkedin.com/jobs/view/python-ai-ml-developer-at-infosys-4316404925?position=12&pageNum=0&refId=iHW2BTRNDnpcpsG8ufGc4Q%3D%3D&trackingId=Hj%2FA%2FHYubjP%2BT%2BTscb4H3A%3D%3D
Python Developer,Tata Elxsi,"Bengaluru, Karnataka, India",https://in.linkedin.com/jobs/view/python-developer-at-tata-elxsi-4315220413?position=13&pageNum=0&refId=iHW2BTRNDnpcpsG8ufGc4Q%3D%3D&trackingId=k0bEn3IGolOAKWkAHvBE8Q%3D%3D
Data Scientist,Piramal Finance,"Bangalore Urban, Karnataka, India",https://in.linkedin.com/jobs/view/data-scientist-at-piramal-finance-4310288967?position=14&pageNum=0&refId=iHW2BTRNDnpcpsG8ufGc4Q%3D%3D&trackingId=KJOR2cobBPbNhj9xjQbY8A%3D%3D
Quantitative ML Engineer,Meril,"Bengaluru, Karnataka, India",https://in.linkedin.com/jobs/view/quantitative-ml-engineer-at-meril-4315567332?position=15&pageNum=0&refId=iHW2BTRNDnpcpsG8ufGc4Q%3D%3D&trackingId=5aIxv%2BsEIXg9MAl35wT1ZA%3D%3D
Data Scientist/Analyst,Adobe,"Bengaluru East, Karnataka, India",https://in.linkedin.com/jobs/view/data-scientist-analyst-at-adobe-4303387312?position=16&pageNum=0&refId=iHW2BTRNDnpcpsG8ufGc4Q%3D%3D&trackingId=UGgBuLGGIIYt0G3yiCyRXw%3D%3D
Machine Learning Engineer,Capgemini,"Pune, Maharashtra, India",https://in.linkedin.com/jobs/view/machine-learning-engineer-at-capgemini-4309932785?position=17&pageNum=0&refId=iHW2BTRNDnpcpsG8ufGc4Q%3D%3D&trackingId=Zws%2F602bbbmUt3Gr7agK2A%3D%3D
Data Scientist,eBay,"Bengaluru, Karnataka, India",https://in.linkedin.com/jobs/view/data-scientist-at-ebay-4313301103?position=18&pageNum=0&refId=iHW2BTRNDnpcpsG8ufGc4Q%3D%3D&trackingId=2aiGG48Y9rEqpoPeJwuEGg%3D%3D
Staff Data Scientist,LinkedIn,"Bengaluru, Karnataka, India",https://in.linkedin.com/jobs/view/staff-data-scientist-at-linkedin-4315356677?position=19&pageNum=0&refId=iHW2BTRNDnpcpsG8ufGc4Q%3D%3D&trackingId=a1xWOLJCa0BCPx0edqfFpw%3D%3D
AI Data Scientist,Persistent Systems,"Pune, Maharashtra, India",https://in.linkedin.com/jobs/view/ai-data-scientist-at-persistent-systems-4310267741?position=20&pageNum=0&refId=iHW2BTRNDnpcpsG8ufGc4Q%3D%3D&trackingId=3HruY2SRkCzxKb8orzL87g%3D%3D
AI Applied Scientist 2,Microsoft,"Hyderabad, Telangana, India",https://in.linkedin.com/jobs/view/ai-applied-scientist-2-at-microsoft-4315828939?position=21&pageNum=0&refId=iHW2BTRNDnpcpsG8ufGc4Q%3D%3D&trackingId=SM9S9jL8FDonUTEPQ14g9g%3D%3D
Data Scientist,PhonePe,"Bengaluru, Karnataka, India",https://in.linkedin.com/jobs/view/data-scientist-at-phonepe-4311853106?position=22&pageNum=0&refId=iHW2BTRNDnpcpsG8ufGc4Q%3D%3D&trackingId=uvans3fgl4ep6dPvr938iQ%3D%3D
Data Science Specialist,DDN,"Pune, Maharashtra, India",https://in.linkedin.com/jobs/view/data-science-specialist-at-ddn-4314245079?position=23&pageNum=0&refId=iHW2BTRNDnpcpsG8ufGc4Q%3D%3D&trackingId=l9Dj5trbulQNvEd3asS1eQ%3D%3D
Data Scientist,Procter & Gamble,"Mumbai, Maharashtra, India",https://in.linkedin.com/jobs/view/data-scientist-at-procter-gamble-4303485542?position=24&pageNum=0&refId=iHW2BTRNDnpcpsG8ufGc4Q%3D%3D&trackingId=8I%2FZ7DnqlGoRGau30pO%2FIw%3D%3D
"Data Scientist, Product Analytics",Meta,"Bengaluru, Karnataka, India",https://in.linkedin.com/jobs/view/data-scientist-product-analytics-at-meta-4309953560?position=25&pageNum=0&refId=iHW2BTRNDnpcpsG8ufGc4Q%3D%3D&trackingId=bbKaCUk5eI5NW6ymEr%2B12Q%3D%3D
Machine Learning Engineer,EXL,"Pune, Maharashtra, India",https://in.linkedin.com/jobs/view/machine-learning-engineer-at-exl-4313017626?position=26&pageNum=0&refId=iHW2BTRNDnpcpsG8ufGc4Q%3D%3D&trackingId=5QXEGKYlorZfWGVlOCFqOg%3D%3D
Data Scientist,Deloitte,"Maharashtra, India",https://in.linkedin.com/jobs/view/data-scientist-at-deloitte-4313039279?position=27&pageNum=0&refId=iHW2BTRNDnpcpsG8ufGc4Q%3D%3D&trackingId=4qLmCAZ3Xs9Laak5tmbWjg%3D%3D
Python ML developer,Infosys,"Bengaluru East, Karnataka, India",https://in.linkedin.com/jobs/view/python-ml-developer-at-infosys-4316445035?position=28&pageNum=0&refId=iHW2BTRNDnpcpsG8ufGc4Q%3D%3D&trackingId=%2FHylM2RTy58Bnun92yBjtw%3D%3D
Machine Learning Engineer || Bangalore/Hyderabad/Chennai/Noida,HCLTech,"Bengaluru, Karnataka, India",https://in.linkedin.com/jobs/view/machine-learning-engineer-bangalore-hyderabad-chennai-noida-at-hcltech-4313329247?position=29&pageNum=0&refId=iHW2BTRNDnpcpsG8ufGc4Q%3D%3D&trackingId=emHZz9B9n%2BamgQfYTs34Iw%3D%3D
Data Scientist,Syngenta,"Pune, Maharashtra, India",https://in.linkedin.com/jobs/view/data-scientist-at-syngenta-4316056688?position=30&pageNum=0&refId=iHW2BTRNDnpcpsG8ufGc4Q%3D%3D&trackingId=YAcxVL6DSEK8ct25IGwVGA%3D%3D
AI/DNA-Data Scientists,Infosys,"Bengaluru East, Karnataka, India",https://in.linkedin.com/jobs/view/ai-dna-data-scientists-at-infosys-4316174143?position=31&pageNum=0&refId=iHW2BTRNDnpcpsG8ufGc4Q%3D%3D&trackingId=ctYmW%2BAb1L6%2BIddODX75Lg%3D%3D
Data Scientist,Coforge,"Noida, Uttar Pradesh, India",https://in.linkedin.com/jobs/view/data-scientist-at-coforge-4310713079?position=32&pageNum=0&refId=iHW2BTRNDnpcpsG8ufGc4Q%3D%3D&trackingId=XUd4VutlAXHoe%2BdRwWukeA%3D%3D
Associate Data Scientist,Infosys,"Bengaluru East, Karnataka, India",https://in.linkedin.com/jobs/view/associate-data-scientist-at-infosys-4315284407?position=33&pageNum=0&refId=iHW2BTRNDnpcpsG8ufGc4Q%3D%3D&trackingId=DbR%2FJ0wW%2FU6Hlsl6sJKxBQ%3D%3D
Data Scientist,Quess Corp Limited,"Bengaluru, Karnataka, India",https://in.linkedin.com/jobs/view/data-scientist-at-quess-corp-limited-4313111849?position=34&pageNum=0&refId=iHW2BTRNDnpcpsG8ufGc4Q%3D%3D&trackingId=2ClQBxPB3UevOdd6pehmmg%3D%3D
Data Science Manager,NielsenIQ,Pune/Pimpri-Chinchwad Area,https://in.linkedin.com/jobs/view/data-science-manager-at-nielseniq-4314288611?position=35&pageNum=0&refId=iHW2BTRNDnpcpsG8ufGc4Q%3D%3D&trackingId=bjKOyzblqxJjk9lxruI62A%3D%3D
Data Scientist,Rakuten Symphony,"Bengaluru, Karnataka, India",https://in.linkedin.com/jobs/view/data-scientist-at-rakuten-symphony-4314497656?position=36&pageNum=0&refId=iHW2BTRNDnpcpsG8ufGc4Q%3D%3D&trackingId=FQpeCKLa9FOVcLbBdn2oZA%3D%3D
Data Scientist,Tata Consultancy Services,"Bangalore Urban, Karnataka, India",https://in.linkedin.com/jobs/view/data-scientist-at-tata-consultancy-services-4315594388?position=37&pageNum=0&refId=iHW2BTRNDnpcpsG8ufGc4Q%3D%3D&trackingId=q5%2FyNRos3aC4ORFI9X70gg%3D%3D
Data Scientist,Ericsson,"Bengaluru, Karnataka, India",https://in.linkedin.com/jobs/view/data-scientist-at-ericsson-4314720570?position=38&pageNum=0&refId=iHW2BTRNDnpcpsG8ufGc4Q%3D%3D&trackingId=T%2BNUpaY81J%2B%2FZMg5YJs9mg%3D%3D
"Data Scientist, Research, App Safety Engineering",Google,"Bengaluru, Karnataka, India",https://in.linkedin.com/jobs/view/data-scientist-research-app-safety-engineering-at-google-4303809377?position=39&pageNum=0&refId=iHW2BTRNDnpcpsG8ufGc4Q%3D%3D&trackingId=mibX2ektseoMUDlBWPWRUw%3D%3D
AI/ML Engineer,IIT Kanpur,"Kanpur, Uttar Pradesh, India",https://in.linkedin.com/jobs/view/ai-ml-engineer-at-iit-kanpur-4315552666?position=40&pageNum=0&refId=iHW2BTRNDnpcpsG8ufGc4Q%3D%3D&trackingId=N8IZL1TOegnv0fDwck%2BJ9A%3D%3D
Python Developer,Capgemini,"Sion, Maharashtra, India",https://in.linkedin.com/jobs/view/python-developer-at-capgemini-4314149653?position=41&pageNum=0&refId=iHW2BTRNDnpcpsG8ufGc4Q%3D%3D&trackingId=YmF9UzFhKIbSXSGOzXWlLw%3D%3D
Data Scientist,PepsiCo,"Hyderabad, Telangana, India",https://in.linkedin.com/jobs/view/data-scientist-at-pepsico-4312407902?position=42&pageNum=0&refId=iHW2BTRNDnpcpsG8ufGc4Q%3D%3D&trackingId=QoxDMwGXydufaEU1KLur4w%3D%3D
Assistant Manager-Data Science-Data Scientist,EXL,"Gurugram, Haryana, India",https://in.linkedin.com/jobs/view/assistant-manager-data-science-data-scientist-at-exl-4315669185?position=43&pageNum=0&refId=iHW2BTRNDnpcpsG8ufGc4Q%3D%3D&trackingId=UZKtLpD4WykYFNi%2FOCfJqA%3D%3D
Data Scientist (Remote),Taskify,India,https://in.linkedin.com/jobs/view/data-scientist-remote-at-taskify-4309956302?position=44&pageNum=0&refId=iHW2BTRNDnpcpsG8ufGc4Q%3D%3D&trackingId=cS7DiuWrt0vVMlogWEWrNQ%3D%3D
Senior Staff Data Scientist,LinkedIn,"Bengaluru, Karnataka, India",https://in.linkedin.com/jobs/view/senior-staff-data-scientist-at-linkedin-4305549508?position=45&pageNum=0&refId=iHW2BTRNDnpcpsG8ufGc4Q%3D%3D&trackingId=4abJq2GLUxsvN1ndC4c0KA%3D%3D
Python Developer,Infosys,"Bengaluru East, Karnataka, India",https://in.linkedin.com/jobs/view/python-developer-at-infosys-4315760151?position=46&pageNum=0&refId=iHW2BTRNDnpcpsG8ufGc4Q%3D%3D&trackingId=lGXBUVNT%2B%2BlRu5bOTaO%2F4g%3D%3D
Machine Learning Engineer,Recro,"Bengaluru, Karnataka, India",https://in.linkedin.com/jobs/view/machine-learning-engineer-at-recro-4312657304?position=47&pageNum=0&refId=iHW2BTRNDnpcpsG8ufGc4Q%3D%3D&trackingId=iJ%2BTK%2B7ms81E1zxtVvh2CQ%3D%3D
ML Engineer,Weekday AI (YC W21),"Bengaluru, Karnataka, India",https://in.linkedin.com/jobs/view/ml-engineer-at-weekday-ai-yc-w21-4314136748?position=48&pageNum=0&refId=iHW2BTRNDnpcpsG8ufGc4Q%3D%3D&trackingId=cHuJT81kEU1LKOPVy3y9KQ%3D%3D
Data Scientist,Ericsson,"Bengaluru, Karnataka, India",https://in.linkedin.com/jobs/view/data-scientist-at-ericsson-4312669541?position=49&pageNum=0&refId=iHW2BTRNDnpcpsG8ufGc4Q%3D%3D&trackingId=nDiP92Z3HHi26HQlx7UvEQ%3D%3D
Data Scientist,Celebal Technologies,"Jaipur, Rajasthan, India",https://in.linkedin.com/jobs/view/data-scientist-at-celebal-technologies-4311862152?position=50&pageNum=0&refId=iHW2BTRNDnpcpsG8ufGc4Q%3D%3D&trackingId=cfHmp99HGgnbsjT9QWD9Ug%3D%3D
AIML Engineer,Persistent Systems,"Pune, Maharashtra, India",https://in.linkedin.com/jobs/view/aiml-engineer-at-persistent-systems-4313313607?position=51&pageNum=0&refId=iHW2BTRNDnpcpsG8ufGc4Q%3D%3D&trackingId=2h7uTQayIyGOq4jCUxz4Uw%3D%3D
Data Scientist,Tiger Analytics,"Bengaluru, Karnataka, India",https://in.linkedin.com/jobs/view/data-scientist-at-tiger-analytics-4313586626?position=52&pageNum=0&refId=iHW2BTRNDnpcpsG8ufGc4Q%3D%3D&trackingId=PznS1kkaZT7rxqABlHfPAA%3D%3D
Data Scientist,Valiance Solutions,"Bengaluru, Karnataka, India",https://in.linkedin.com/jobs/view/data-scientist-at-valiance-solutions-4282629567?position=53&pageNum=0&refId=iHW2BTRNDnpcpsG8ufGc4Q%3D%3D&trackingId=bwDA%2F4dXZlPbesRD9WeAWw%3D%3D
Research Scientist,NielsenIQ,"Chennai, Tamil Nadu, India",https://in.linkedin.com/jobs/view/research-scientist-at-nielseniq-4313590494?position=54&pageNum=0&refId=iHW2BTRNDnpcpsG8ufGc4Q%3D%3D&trackingId=QZddFvCnCwmqOtPG8N5ycQ%3D%3D
Data Scientist,Recro,"Bengaluru, Karnataka, India",https://in.linkedin.com/jobs/view/data-scientist-at-recro-4315559341?position=55&pageNum=0&refId=iHW2BTRNDnpcpsG8ufGc4Q%3D%3D&trackingId=%2F9KXb1c0ho3aTBuv7khPmQ%3D%3D
Machine Learning Engineer,Blue Polaris,"Pune, Maharashtra, India",https://in.linkedin.com/jobs/view/machine-learning-engineer-at-blue-polaris-4310711259?position=56&pageNum=0&refId=iHW2BTRNDnpcpsG8ufGc4Q%3D%3D&trackingId=kFA5uRUYUzzgdZGR6vkNcA%3D%3D
Data Scientist,Citi,"Bengaluru, Karnataka, India",https://in.linkedin.com/jobs/view/data-scientist-at-citi-4314037805?position=57&pageNum=0&refId=iHW2BTRNDnpcpsG8ufGc4Q%3D%3D&trackingId=KIJ1z6a91uMfaAOBy4qzPQ%3D%3D
Data Scientist,Tezo,"Hyderabad, Telangana, India",https://in.linkedin.com/jobs/view/data-scientist-at-tezo-4313688490?position=58&pageNum=0&refId=iHW2BTRNDnpcpsG8ufGc4Q%3D%3D&trackingId=Uh%2FBUbi3h9od9jLYj2ta5g%3D%3D
AI / ML Engineer,Chargebee,"Chennai, Tamil Nadu, India",https://in.linkedin.com/jobs/view/ai-ml-engineer-at-chargebee-4314287202?position=59&pageNum=0&refId=iHW2BTRNDnpcpsG8ufGc4Q%3D%3D&trackingId=QyZCaFp2wNgu574MTTFjig%3D%3D
Python ML developers,Infosys,"Bengaluru East, Karnataka, India",https://in.linkedin.com/jobs/view/python-ml-developers-at-infosys-4316456302?position=60&pageNum=0&refId=iHW2BTRNDnpcpsG8ufGc4Q%3D%3D&trackingId=tqbd3q%2FOEKfkrL8QZfPi0A%3D%3D
Data Scientist,Deloitte,"Mumbai, Maharashtra, India",https://in.linkedin.com/jobs/view/data-scientist-at-deloitte-4312254528?position=1&pageNum=0&refId=OT87No0XmNrYOjAsZnuMog%3D%3D&trackingId=AQM5Dc4tTVwCCjbz1GTRIA%3D%3D
Research Executive - Data Scientist,Unilever,"Bengaluru, Karnataka, India",https://in.linkedin.com/jobs/view/research-executive-data-scientist-at-unilever-4315071495?position=2&pageNum=0&refId=OT87No0XmNrYOjAsZnuMog%3D%3D&trackingId=jk4DpEteKvrGTff3I0NljQ%3D%3D
ML Scientist II - Search,Nykaa,"Bengaluru, Karnataka, India",https://in.linkedin.com/jobs/view/ml-scientist-ii-search-at-nykaa-4314228576?position=3&pageNum=0&refId=OT87No0XmNrYOjAsZnuMog%3D%3D&trackingId=od4HbNKJo1Q2tKwoQvkqtA%3D%3D
AI Scientist - I,Navi,"Bengaluru, Karnataka, India",https://in.linkedin.com/jobs/view/ai-scientist-i-at-navi-4315568150?position=4&pageNum=0&refId=OT87No0XmNrYOjAsZnuMog%3D%3D&trackingId=eW1alKfuKnKWo2kFsMA1vQ%3D%3D
Data Scientist,Deloitte,"Gurugram, Haryana, India",https://in.linkedin.com/jobs/view/data-scientist-at-deloitte-4311424283?position=5&pageNum=0&refId=OT87No0XmNrYOjAsZnuMog%3D%3D&trackingId=%2BwIZID9IBJjwqp32LAfpZA%3D%3D
"Software Engineer, Machine Learning",LinkedIn,"Bengaluru, Karnataka, India",https://in.linkedin.com/jobs/view/software-engineer-machine-learning-at-linkedin-4304003122?position=6&pageNum=0&refId=OT87No0XmNrYOjAsZnuMog%3D%3D&trackingId=UMhdZ2etuL3njSMsS80sRA%3D%3D
Data Scientist,AB InBev GCC India,"Bengaluru, Karnataka, India",https://in.linkedin.com/jobs/view/data-scientist-at-ab-inbev-gcc-india-4314768291?position=7&pageNum=0&refId=OT87No0XmNrYOjAsZnuMog%3D%3D&trackingId=Lc6VAZs87lb1ZCYFHuplKg%3D%3D
Data Scientist,Forbes Advisor,Mumbai Metropolitan Region,https://in.linkedin.com/jobs/view/data-scientist-at-forbes-advisor-4302705404?position=8&pageNum=0&refId=OT87No0XmNrYOjAsZnuMog%3D%3D&trackingId=9xuK7cyP7UdGK%2BGRYsalgw%3D%3D
Data Scientist,Fusemachines,"Pune, Maharashtra, India",https://in.linkedin.com/jobs/view/data-scientist-at-fusemachines-4315332577?position=9&pageNum=0&refId=OT87No0XmNrYOjAsZnuMog%3D%3D&trackingId=ChdHnNC05bYmhCYsxrbz7Q%3D%3D
Data Scientist,Epsilon,"Bengaluru, Karnataka, India",https://in.linkedin.com/jobs/view/data-scientist-at-epsilon-4311871194?position=10&pageNum=0&refId=OT87No0XmNrYOjAsZnuMog%3D%3D&trackingId=iG3P1QWZsom2Z4fkNv2Dsw%3D%3D
Data Scientist - noon food,noon,"Gurugram, Haryana, India",https://in.linkedin.com/jobs/view/data-scientist-noon-food-at-noon-4314644591?position=11&pageNum=0&refId=OT87No0XmNrYOjAsZnuMog%3D%3D&trackingId=Gmp1RZfEq6v4o%2FgZgtV%2FIA%3D%3D
Python (AI/ML) Developer,Infosys,"Bengaluru East, Karnataka, India",https://in.linkedin.com/jobs/view/python-ai-ml-developer-at-infosys-4316404925?position=12&pageNum=0&refId=OT87No0XmNrYOjAsZnuMog%3D%3D&trackingId=rL5Auam%2FdEKc0yP5Q%2FVyZA%3D%3D
Python Developer,Tata Elxsi,"Bengaluru, Karnataka, India",https://in.linkedin.com/jobs/view/python-developer-at-tata-elxsi-4315220413?position=13&pageNum=0&refId=OT87No0XmNrYOjAsZnuMog%3D%3D&trackingId=hRZvmvz95xZH%2BGfijQJXaA%3D%3D
Data Scientist,Piramal Finance,"Bangalore Urban, Karnataka, India",https://in.linkedin.com/jobs/view/data-scientist-at-piramal-finance-4310288967?position=14&pageNum=0&refId=OT87No0XmNrYOjAsZnuMog%3D%3D&trackingId=s8oAKEnMpXUvQ9VDmGveFQ%3D%3D
Quantitative ML Engineer,Meril,"Bengaluru, Karnataka, India",https://in.linkedin.com/jobs/view/quantitative-ml-engineer-at-meril-4315567332?position=15&pageNum=0&refId=OT87No0XmNrYOjAsZnuMog%3D%3D&trackingId=jCov4FuswsX%2BeJhYNV8R1g%3D%3D
Data Scientist/Analyst,Adobe,"Bengaluru East, Karnataka, India",https://in.linkedin.com/jobs/view/data-scientist-analyst-at-adobe-4303387312?position=16&pageNum=0&refId=OT87No0XmNrYOjAsZnuMog%3D%3D&trackingId=AhXpLthMwTzRKozrVSh5%2Fg%3D%3D
Machine Learning Engineer,Capgemini,"Pune, Maharashtra, India",https://in.linkedin.com/jobs/view/machine-learning-engineer-at-capgemini-4309932785?position=17&pageNum=0&refId=OT87No0XmNrYOjAsZnuMog%3D%3D&trackingId=KutKHtgGcGZH%2FjKrfLVEpw%3D%3D
Data Scientist,eBay,"Bengaluru, Karnataka, India",https://in.linkedin.com/jobs/view/data-scientist-at-ebay-4313301103?position=18&pageNum=0&refId=OT87No0XmNrYOjAsZnuMog%3D%3D&trackingId=GNNGZurQVthLGX%2BTAMnvwg%3D%3D
Staff Data Scientist,LinkedIn,"Bengaluru, Karnataka, India",https://in.linkedin.com/jobs/view/staff-data-scientist-at-linkedin-4315356677?position=19&pageNum=0&refId=OT87No0XmNrYOjAsZnuMog%3D%3D&trackingId=rg2RmPIdOcqtU6NvzPTj%2Fg%3D%3D
AI Data Scientist,Persistent Systems,"Pune, Maharashtra, India",https://in.linkedin.com/jobs/view/ai-data-scientist-at-persistent-systems-4310267741?position=20&pageNum=0&refId=OT87No0XmNrYOjAsZnuMog%3D%3D&trackingId=MU6WJ%2BnRG2lHpT4i%2B72yVw%3D%3D
AI Applied Scientist 2,Microsoft,"Hyderabad, Telangana, India",https://in.linkedin.com/jobs/view/ai-applied-scientist-2-at-microsoft-4315828939?position=21&pageNum=0&refId=OT87No0XmNrYOjAsZnuMog%3D%3D&trackingId=DBO0OITKk1DAPKLfzLdkOw%3D%3D
Data Scientist,PhonePe,"Bengaluru, Karnataka, India",https://in.linkedin.com/jobs/view/data-scientist-at-phonepe-4311853106?position=22&pageNum=0&refId=OT87No0XmNrYOjAsZnuMog%3D%3D&trackingId=r8kyVNSvGSqiQ9%2BgmCXK3Q%3D%3D
Data Science Specialist,DDN,"Pune, Maharashtra, India",https://in.linkedin.com/jobs/view/data-science-specialist-at-ddn-4314245079?position=23&pageNum=0&refId=OT87No0XmNrYOjAsZnuMog%3D%3D&trackingId=eqBWqGfn4VtKcKSK9yBPAw%3D%3D
Data Scientist,Procter & Gamble,"Mumbai, Maharashtra, India",https://in.linkedin.com/jobs/view/data-scientist-at-procter-gamble-4303485542?position=24&pageNum=0&refId=OT87No0XmNrYOjAsZnuMog%3D%3D&trackingId=gQxer7xSdXoB%2BUf9RxJqmw%3D%3D
"Data Scientist, Product Analytics",Meta,"Bengaluru, Karnataka, India",https://in.linkedin.com/jobs/view/data-scientist-product-analytics-at-meta-4309953560?position=25&pageNum=0&refId=OT87No0XmNrYOjAsZnuMog%3D%3D&trackingId=8pKD154W%2FSEkZ%2FFv3r1TLg%3D%3D
Machine Learning Engineer,EXL,"Pune, Maharashtra, India",https://in.linkedin.com/jobs/view/machine-learning-engineer-at-exl-4313017626?position=26&pageNum=0&refId=OT87No0XmNrYOjAsZnuMog%3D%3D&trackingId=taHMYkxLOhnUOnF1FABxhQ%3D%3D
Data Scientist,Deloitte,"Maharashtra, India",https://in.linkedin.com/jobs/view/data-scientist-at-deloitte-4313039279?position=27&pageNum=0&refId=OT87No0XmNrYOjAsZnuMog%3D%3D&trackingId=I4zbJJuTRErHcSV9GtPmbg%3D%3D
Python ML developer,Infosys,"Bengaluru East, Karnataka, India",https://in.linkedin.com/jobs/view/python-ml-developer-at-infosys-4316445035?position=28&pageNum=0&refId=OT87No0XmNrYOjAsZnuMog%3D%3D&trackingId=RYInBP6t1fn2nrOvsDa6bw%3D%3D
Machine Learning Engineer || Bangalore/Hyderabad/Chennai/Noida,HCLTech,"Bengaluru, Karnataka, India",https://in.linkedin.com/jobs/view/machine-learning-engineer-bangalore-hyderabad-chennai-noida-at-hcltech-4313329247?position=29&pageNum=0&refId=OT87No0XmNrYOjAsZnuMog%3D%3D&trackingId=%2BPceW4MUM0mfbELEJnB8Dg%3D%3D
Data Scientist,Syngenta,"Pune, Maharashtra, India",https://in.linkedin.com/jobs/view/data-scientist-at-syngenta-4316056688?position=30&pageNum=0&refId=OT87No0XmNrYOjAsZnuMog%3D%3D&trackingId=9XcK%2B6rE%2FXvIGcgJmTJoaQ%3D%3D
AI/DNA-Data Scientists,Infosys,"Bengaluru East, Karnataka, India",https://in.linkedin.com/jobs/view/ai-dna-data-scientists-at-infosys-4316174143?position=31&pageNum=0&refId=OT87No0XmNrYOjAsZnuMog%3D%3D&trackingId=tYKHS2UrukQeW%2BD%2BorsypA%3D%3D
Data Scientist,Coforge,"Noida, Uttar Pradesh, India",https://in.linkedin.com/jobs/view/data-scientist-at-coforge-4310713079?position=32&pageNum=0&refId=OT87No0XmNrYOjAsZnuMog%3D%3D&trackingId=KdtxSWdId7qiSecpTZVFTg%3D%3D
Associate Data Scientist,Infosys,"Bengaluru East, Karnataka, India",https://in.linkedin.com/jobs/view/associate-data-scientist-at-infosys-4315284407?position=33&pageNum=0&refId=OT87No0XmNrYOjAsZnuMog%3D%3D&trackingId=IAqLRoVbpXiJSi0wrttD6g%3D%3D
Data Scientist,Quess Corp Limited,"Bengaluru, Karnataka, India",https://in.linkedin.com/jobs/view/data-scientist-at-quess-corp-limited-4313111849?position=34&pageNum=0&refId=OT87No0XmNrYOjAsZnuMog%3D%3D&trackingId=PAZxBhpko3hJzEzbGyWhOg%3D%3D
Data Science Manager,NielsenIQ,Pune/Pimpri-Chinchwad Area,https://in.linkedin.com/jobs/view/data-science-manager-at-nielseniq-4314288611?position=35&pageNum=0&refId=OT87No0XmNrYOjAsZnuMog%3D%3D&trackingId=5Brs%2F%2BXZoFsTcNTfkZfpnA%3D%3D
Data Scientist,Rakuten Symphony,"Bengaluru, Karnataka, India",https://in.linkedin.com/jobs/view/data-scientist-at-rakuten-symphony-4314497656?position=36&pageNum=0&refId=OT87No0XmNrYOjAsZnuMog%3D%3D&trackingId=z2y%2BSLMWHsl6tt7gY6dmjA%3D%3D
Data Scientist,Tata Consultancy Services,"Bangalore Urban, Karnataka, India",https://in.linkedin.com/jobs/view/data-scientist-at-tata-consultancy-services-4315594388?position=37&pageNum=0&refId=OT87No0XmNrYOjAsZnuMog%3D%3D&trackingId=QVui%2BiRcTFzFzk%2FbU32BRA%3D%3D
Data Scientist,Ericsson,"Bengaluru, Karnataka, India",https://in.linkedin.com/jobs/view/data-scientist-at-ericsson-4314720570?position=38&pageNum=0&refId=OT87No0XmNrYOjAsZnuMog%3D%3D&trackingId=DPzacGvJYZAGJhoCLRqQQA%3D%3D
"Data Scientist, Research, App Safety Engineering",Google,"Bengaluru, Karnataka, India",https://in.linkedin.com/jobs/view/data-scientist-research-app-safety-engineering-at-google-4303809377?position=39&pageNum=0&refId=OT87No0XmNrYOjAsZnuMog%3D%3D&trackingId=ppeR9nSbHslShZgltxl6tg%3D%3D
AI/ML Engineer,IIT Kanpur,"Kanpur, Uttar Pradesh, India",https://in.linkedin.com/jobs/view/ai-ml-engineer-at-iit-kanpur-4315552666?position=40&pageNum=0&refId=OT87No0XmNrYOjAsZnuMog%3D%3D&trackingId=QcJWAbxzngVscpUAA8MUug%3D%3D
Python Developer,Capgemini,"Sion, Maharashtra, India",https://in.linkedin.com/jobs/view/python-developer-at-capgemini-4314149653?position=41&pageNum=0&refId=OT87No0XmNrYOjAsZnuMog%3D%3D&trackingId=JdCKcQ%2BbkuT1TW0qRdZBKQ%3D%3D
Data Scientist,PepsiCo,"Hyderabad, Telangana, India",https://in.linkedin.com/jobs/view/data-scientist-at-pepsico-4312407902?position=42&pageNum=0&refId=OT87No0XmNrYOjAsZnuMog%3D%3D&trackingId=4bj4QxUYYuAvdnankecUrg%3D%3D
Data Scientist (Remote),Taskify,India,https://in.linkedin.com/jobs/view/data-scientist-remote-at-taskify-4309956302?position=43&pageNum=0&refId=OT87No0XmNrYOjAsZnuMog%3D%3D&trackingId=YpFHJOMLDtIOaHXFW14L7w%3D%3D
Assistant Manager-Data Science-Data Scientist,EXL,"Gurugram, Haryana, India",https://in.linkedin.com/jobs/view/assistant-manager-data-science-data-scientist-at-exl-4315669185?position=44&pageNum=0&refId=OT87No0XmNrYOjAsZnuMog%3D%3D&trackingId=cstgL28zCsi2lcr5RFUmVA%3D%3D
Senior Staff Data Scientist,LinkedIn,"Bengaluru, Karnataka, India",https://in.linkedin.com/jobs/view/senior-staff-data-scientist-at-linkedin-4305549508?position=45&pageNum=0&refId=OT87No0XmNrYOjAsZnuMog%3D%3D&trackingId=%2FR9ETgeylf6COsWth1%2Fhbg%3D%3D
Python Developer,Infosys,"Bengaluru East, Karnataka, India",https://in.linkedin.com/jobs/view/python-developer-at-infosys-4315760151?position=46&pageNum=0&refId=OT87No0XmNrYOjAsZnuMog%3D%3D&trackingId=TJ%2FxSIu%2BMjVbgAE1gunFLw%3D%3D
Machine Learning Engineer,Recro,"Bengaluru, Karnataka, India",https://in.linkedin.com/jobs/view/machine-learning-engineer-at-recro-4312657304?position=47&pageNum=0&refId=OT87No0XmNrYOjAsZnuMog%3D%3D&trackingId=kPQIVdN8msDMpsVC1LfHVw%3D%3D
ML Engineer,Weekday AI (YC W21),"Bengaluru, Karnataka, India",https://in.linkedin.com/jobs/view/ml-engineer-at-weekday-ai-yc-w21-4314136748?position=48&pageNum=0&refId=OT87No0XmNrYOjAsZnuMog%3D%3D&trackingId=SuDLWQ9gzcurIWJp3cUgIQ%3D%3D
Data Scientist,Ericsson,"Bengaluru, Karnataka, India",https://in.linkedin.com/jobs/view/data-scientist-at-ericsson-4312669541?position=49&pageNum=0&refId=OT87No0XmNrYOjAsZnuMog%3D%3D&trackingId=RUegGLwz07KtyTl7jtnkYg%3D%3D
Data Scientist,Celebal Technologies,"Jaipur, Rajasthan, India",https://in.linkedin.com/jobs/view/data-scientist-at-celebal-technologies-4311862152?position=50&pageNum=0&refId=OT87No0XmNrYOjAsZnuMog%3D%3D&trackingId=K8E04Ny8z%2FiUsaORzMy%2BCg%3D%3D
AIML Engineer,Persistent Systems,"Pune, Maharashtra, India",https://in.linkedin.com/jobs/view/aiml-engineer-at-persistent-systems-4313313607?position=51&pageNum=0&refId=OT87No0XmNrYOjAsZnuMog%3D%3D&trackingId=DoRpeQ1O0kpkFhb5mRkCRQ%3D%3D
Data Scientist,Tiger Analytics,"Bengaluru, Karnataka, India",https://in.linkedin.com/jobs/view/data-scientist-at-tiger-analytics-4313586626?position=52&pageNum=0&refId=OT87No0XmNrYOjAsZnuMog%3D%3D&trackingId=x%2F2AZmFXj30h6yMgMJCpxw%3D%3D
Data Scientist,Valiance Solutions,"Bengaluru, Karnataka, India",https://in.linkedin.com/jobs/view/data-scientist-at-valiance-solutions-4282629567?position=53&pageNum=0&refId=OT87No0XmNrYOjAsZnuMog%3D%3D&trackingId=u7TW3L7qcaJyVYqXzNt8YQ%3D%3D
Research Scientist,NielsenIQ,"Chennai, Tamil Nadu, India",https://in.linkedin.com/jobs/view/research-scientist-at-nielseniq-4313590494?position=54&pageNum=0&refId=OT87No0XmNrYOjAsZnuMog%3D%3D&trackingId=hqdgmU1BayYW3imoTATs3A%3D%3D
Data Scientist,Recro,"Bengaluru, Karnataka, India",https://in.linkedin.com/jobs/view/data-scientist-at-recro-4315559341?position=55&pageNum=0&refId=OT87No0XmNrYOjAsZnuMog%3D%3D&trackingId=kga7pslT%2FtSinN8%2Bg2svaw%3D%3D
Machine Learning Engineer,Blue Polaris,"Pune, Maharashtra, India",https://in.linkedin.com/jobs/view/machine-learning-engineer-at-blue-polaris-4310711259?position=56&pageNum=0&refId=OT87No0XmNrYOjAsZnuMog%3D%3D&trackingId=jGADwbz4LqKCopfygrgD3g%3D%3D
Data Scientist,Citi,"Bengaluru, Karnataka, India",https://in.linkedin.com/jobs/view/data-scientist-at-citi-4314037805?position=57&pageNum=0&refId=OT87No0XmNrYOjAsZnuMog%3D%3D&trackingId=IzX9sulw6ituPm9mzUJ55Q%3D%3D
Data Scientist,Tezo,"Hyderabad, Telangana, India",https://in.linkedin.com/jobs/view/data-scientist-at-tezo-4313688490?position=58&pageNum=0&refId=OT87No0XmNrYOjAsZnuMog%3D%3D&trackingId=BkV%2BFOcbz4sOO3XQNJr3yw%3D%3D
AI / ML Engineer,Chargebee,"Chennai, Tamil Nadu, India",https://in.linkedin.com/jobs/view/ai-ml-engineer-at-chargebee-4314287202?position=59&pageNum=0&refId=OT87No0XmNrYOjAsZnuMog%3D%3D&trackingId=r8U5jfs91i27eCOUZZX9jg%3D%3D
Python ML developers,Infosys,"Bengaluru East, Karnataka, India",https://in.linkedin.com/jobs/view/python-ml-developers-at-infosys-4316456302?position=60&pageNum=0&refId=OT87No0XmNrYOjAsZnuMog%3D%3D&trackingId=Cwy%2Bvmb67iE3Q5XKsZH0rw%3D%3D
